,col_0,col_1,label01,labelmul
0,-0.1312324104791023,2.473641580753409,0,0
1,0.3987358609968449,2.3368435070929756,0,0
2,0.8091081963448463,2.20765642214059,0,0
3,1.0078879561539287,1.801889939286381,0,0
4,1.340090947274365,1.4770320534250683,0,0
5,1.4651511875473089,0.6993254040054717,0,0
6,1.5136285678340122,0.28605801815522314,0,0
7,1.393177626300411,-0.5668063517461909,0,0
8,1.3430283913872911,-0.8622304837348009,0,0
9,1.1748949724841875,-1.372702255412649,0,0
10,0.8473258545260131,-2.0192032012121666,0,0
11,0.5848240906362336,-2.4111756149799692,0,0
12,0.1442302215722563,-2.2333707318790013,0,0
13,-0.126736319970023,-2.6328351272443795,0,0
14,-0.5017327685987929,-2.465878512827285,0,0
15,-0.8895087141930071,-1.7066586208395316,0,0
16,-1.1956158924275773,-1.6856618295782888,0,0
17,-1.2800106273140286,-1.0332090187818395,0,0
18,-1.5062910477958642,-0.5193534829595182,0,0
19,-1.5809139611115648,0.0909346298659209,0,0
20,-1.3051611498920859,0.8600481449767037,0,0
21,-1.150871500164517,1.348886963786309,0,0
22,-1.0457115943340234,1.8109455621224055,0,0
23,-0.7858131915214203,2.089446685619988,0,0
24,-0.35919592895498603,2.671440132878753,0,0
25,0.07028116508317239,2.401190911138792,0,0
26,0.42785985653489295,2.580462268805237,0,0
27,0.8247472205384734,2.206192538786583,0,0
28,1.0023528044528613,1.8043315978729324,0,0
29,1.270667589367131,1.3474919783379096,0,0
30,1.4432647450843785,0.7764234799432058,0,0
31,1.388798818000507,-0.06041111028321052,0,0
32,1.41670445317345,-0.4576415293970829,0,0
33,1.4184746295254753,-1.1258289750521457,0,0
34,1.2120532212787463,-1.9278543429401873,0,0
35,0.8474818588786098,-1.941997565633292,0,0
36,0.6414084991292014,-2.342572909842366,0,0
37,0.06120358836768554,-2.378825371801362,0,0
38,-0.2897297790110559,-2.5108882931896677,0,0
39,-0.6446194175706379,-2.411485057459426,0,0
40,-0.9225108155641442,-1.9664051316568103,0,0
41,-1.205882744424691,-1.6964459569961001,0,0
42,-1.3566919864568616,-1.1147601785338692,0,0
43,-1.5194012812538955,-0.2952303156574966,0,0
44,-1.399558987035759,0.23004139171168658,0,0
45,-1.556566946216726,0.7415237589794106,0,0
46,-1.3402401456877449,1.3806267171742759,0,0
47,-1.0000075774054804,1.9653057467337258,0,0
48,-0.8436488988642354,2.28024636257764,0,0
49,-0.26273129075137114,2.5903080734487127,0,0
50,-0.08910131979882703,2.4783179882972997,0,0
51,0.33180386623212027,2.425448361057831,0,0
52,0.6521270490367155,2.0832203905740188,0,0
53,0.9647257315655933,1.9996564360356714,0,0
54,1.2746566483405493,1.3125217885081053,0,0
55,1.464670493729655,0.6456063162977826,0,0
56,1.4323730416541216,0.06622938477005304,0,0
57,1.5671411067975565,-0.3149900998092234,0,0
58,1.351269735255224,-1.2052589117916683,0,0
59,1.0890400030688054,-1.6687727866051894,0,0
60,0.8155429992274819,-1.989184383336251,0,0
61,0.5535847502386193,-2.4529500500323014,0,0
62,0.20583819699072786,-2.2777282034429938,0,0
63,-0.18698370919931112,-2.4704085384151266,0,0
64,-0.6748515339805796,-2.3956379206180802,0,0
65,-0.9599936192669076,-2.0410791056117166,0,0
66,-1.1097919480371192,-1.612370981930179,0,0
67,-1.3020251876997426,-1.1754433707582623,0,0
68,-1.3964117681380492,-0.43260941805780617,0,0
69,-1.6044543884718268,0.1927229166380649,0,0
70,-1.5646738969567342,0.8109712674204488,0,0
71,-1.2390348962904736,1.2573770948911251,0,0
72,-1.0517039440219935,1.8067734639181912,0,0
73,-0.7743218595093017,2.077746048954242,0,0
74,-0.22043926363441113,2.4314216539576177,0,0
75,-0.041303580893595565,2.5611542206041977,0,0
76,0.4293188305217973,2.137973287685157,0,0
77,0.6246060857215114,2.011217696512308,0,0
78,1.0703636590776058,1.8964639962048966,0,0
79,1.1836526563033511,1.323919182578897,0,0
80,1.4783438847095831,0.7053900920820555,0,0
81,1.5485568476027878,0.048231717007319146,0,0
82,1.3559293113746538,-0.44222085089147656,0,0
83,1.4251136378090292,-1.1458786769375882,0,0
84,1.2141815441129133,-1.4980080872415182,0,0
85,0.9137953437334619,-2.1549799523317112,0,0
86,0.5603522282693587,-2.353195690539583,0,0
87,0.19012112295818706,-2.244698496479499,0,0
88,-0.23141178720578343,-2.5490132257839972,0,0
89,-0.6421456689665626,-2.2931039672678284,0,0
90,-1.0096242788690755,-1.9896739523854676,0,0
91,-1.1280825673806596,-1.5429438402998217,0,0
92,-1.2164975716768667,-1.2647587951831607,0,0
93,-1.5016986273557067,-0.4760136633412893,0,0
94,-1.3596448865054922,0.0697849749296548,0,0
95,-1.4263584668903881,0.7913397490617612,0,0
96,-1.2721936481823684,1.3298411276655115,0,0
97,-1.0265238393439633,1.8380731542837727,0,0
98,-0.7365065694698539,2.0659584411491148,0,0
99,-0.5595711958889893,2.3894610010599986,0,0
100,-0.12784884043206834,2.6848896226396928,0,0
101,0.28781525523523166,2.480951197854959,0,0
102,0.4996318505987562,2.1675409998443547,0,0
103,1.0293194547534497,1.9541768779052007,0,0
104,1.247825238223665,1.241332467671109,0,0
105,1.3928215418168577,0.937419986641625,0,0
106,1.5069721777285654,0.13544019072679814,0,0
107,1.4750969206959874,-0.6992069860287113,0,0
108,1.3810431768946083,-1.1550428997784763,0,0
109,1.0993388008343057,-1.5952856956573125,0,0
110,0.7844484929024454,-1.949487148950403,0,0
111,0.5593222872944245,-2.4593723336813884,0,0
112,0.1562212178506951,-2.3909497748776514,0,0
113,-0.2769486177161469,-2.452339563948256,0,0
114,-0.5795964784777644,-2.437702062088658,0,0
115,-0.9770046065022123,-1.995725731303473,0,0
116,-1.0368070437819423,-1.7724772805590014,0,0
117,-1.3052362793102872,-1.3482498791828135,0,0
118,-1.6202869686586234,-0.25994889546850414,0,0
119,-1.507150191041657,0.2429409852411724,0,0
120,-1.5421309762841755,0.9561935237938988,0,0
121,-1.1129883406168615,1.283687695999536,0,0
122,-1.131595609764526,1.9435732360338773,0,0
123,-0.8049184100005575,2.296602604828334,0,0
124,-0.39093829594588286,2.4978101645682806,0,0
125,-0.10718001738361832,2.4168388893051858,0,0
126,0.44421018898517795,2.3540743226243923,0,0
127,0.721175692205392,2.1195227255778315,0,0
128,1.0939154868250358,1.6362536389238436,0,0
129,1.3234688722417882,1.3334613390673162,0,0
130,1.314255745861492,0.8412838105695014,0,0
131,1.4074986443830126,0.32008102752283857,0,0
132,1.5706505700729614,-0.4031644166420002,0,0
133,1.4286612506551701,-0.9589719731279287,0,0
134,1.0644758043656077,-1.5865991633539678,0,0
135,0.8698829908855761,-1.827068409860087,0,0
136,0.4391179420071819,-2.4041963065969956,0,0
137,0.19609116015694805,-2.5683791558165137,0,0
138,-0.13197067621402253,-2.611115175763403,0,0
139,-0.5199610963373213,-2.068218868290119,0,0
140,-0.9878060975026475,-1.9737996112994505,0,0
141,-1.203826858389481,-1.6220549001014253,0,0
142,-1.298768605924254,-0.9062858069012981,0,0
143,-1.5062899448191966,-0.2578244098479503,0,0
144,-1.341430605046415,0.10313203070929966,0,0
145,-1.4523321006064163,1.084343188184874,0,0
146,-1.3127390911292587,1.4153517629078196,0,0
147,-0.9695818854385305,2.0596085291660398,0,0
148,-0.7081617217658231,2.1451124523619773,0,0
149,-0.39916925054621,2.3776929018260664,0,0
150,0.17239904555352348,2.6121116944827505,0,0
151,0.3606441142992334,2.259440119026327,0,0
152,0.7576029637793658,2.095003922513177,0,0
153,1.047069701790366,1.5428899700283227,0,0
154,1.242504559719166,1.3453579321113476,0,0
155,1.3405041544519856,0.7656236025303554,0,0
156,1.6248118917514605,0.21009040644239113,0,0
157,1.4192695683388508,-0.39060059712007295,0,0
158,1.4392670774234326,-1.0900219512212383,0,0
159,1.1385560326706874,-1.7065000650975248,0,0
160,0.8810104786918034,-2.111015986962765,0,0
161,0.5114469783964734,-2.3604715515715786,0,0
162,0.2444795144233508,-2.43337735693263,0,0
163,-0.3087077675594298,-2.4750248384552296,0,0
164,-0.40644215926946703,-2.3356858197548056,0,0
165,-0.9902355868626852,-1.8582389491137423,0,0
166,-1.146001230012235,-1.619250212629887,0,0
167,-1.286038513849457,-1.1845880438572935,0,0
168,-1.6245700298772228,-0.5780882495531305,0,0
169,-1.5030056366624658,0.11330373144690728,0,0
170,-1.4040060646586228,0.8549879190738385,0,0
171,-1.392859385379408,1.4244445255113027,0,0
172,-1.0101413481846215,1.7712498199098738,0,0
173,-0.7739996412961136,2.1466019840981927,0,0
174,-0.38249991952580087,2.475122813647661,0,0
175,0.14927052373156488,2.6685984835362624,0,0
176,0.41225966608634435,2.387346483300164,0,0
177,0.7214046059457647,2.2137587426441643,0,0
178,0.9956344337049854,1.8922797920471477,0,0
179,1.1646041679960373,1.1681515815541024,0,0
180,1.3880025325900738,0.731212002002737,0,0
181,1.4808355836421632,0.21350545786703023,0,0
182,1.5051093926246804,-0.5347680757591582,0,0
183,1.275187358871611,-1.0996305062881646,0,0
184,1.2485379555529512,-1.6740759586053895,0,0
185,0.8644065275566701,-2.163795764155537,0,0
186,0.4993554640468848,-2.4696620314634155,0,0
187,0.14364671626506487,-2.4591201166838665,0,0
188,-0.13272521267009194,-2.4877490207377937,0,0
189,-0.5194967850883981,-2.186211658895951,0,0
190,-0.7484783595257085,-2.105278895421468,0,0
191,-1.1172892857507142,-1.638373029039451,0,0
192,-1.26945105497792,-1.0733445226781422,0,0
193,-1.3176024586742678,-0.45622031134983804,0,0
194,-1.5312342440834588,0.37830983142760943,0,0
195,-1.3778968048986269,0.8620563502310892,0,0
196,-1.279600504836882,1.308062650858455,0,0
197,-0.9505258331491927,2.0309439987103244,0,0
198,-0.7676292395162367,2.0865814944327337,0,0
199,-0.25482232642334246,2.567105625477397,0,0
200,0.045331765394197907,2.5210301732161677,0,0
201,0.3050075494362351,2.409330432768896,0,0
202,0.7670322563546044,2.0522202450522986,0,0
203,0.9940408277191659,1.967812285350238,0,0
204,1.2741250712257208,1.0640386224377993,0,0
205,1.524710786441044,0.7571221262869121,0,0
206,1.6011102284980492,0.10208820891874588,0,0
207,1.343276540043052,-0.3897048343606746,0,0
208,1.378868885216078,-1.1731420672279875,0,0
209,1.1303384566679573,-1.6695701096140887,0,0
210,0.9212305634005346,-1.872625884593146,0,0
211,0.5241141127459309,-1.9838136138019113,0,0
212,0.22378177265277943,-2.4239413800917204,0,0
213,-0.2952320500141736,-2.5852214688375996,0,0
214,-0.5216088396537778,-2.329465649130099,0,0
215,-0.9437989078946332,-1.9119062494537782,0,0
216,-1.1240105680258634,-1.3953018316662242,0,0
217,-1.3692043810742804,-0.8112258246704218,0,0
218,-1.380349719553288,-0.2771656576068694,0,0
219,-1.3722748693371092,0.38606797758943867,0,0
220,-1.4762301030621716,0.8936555556540469,0,0
221,-1.006599852117071,1.360913353943494,0,0
222,-0.9974627624476368,1.910920866007769,0,0
223,-0.6980871096793382,2.3534679781765817,0,0
224,-0.3963858602899236,2.4686361558279954,0,0
225,-0.10684916915096976,2.401512358849883,0,0
226,0.32616941684669476,2.537484447201864,0,0
227,0.7143808564585115,2.4449321147425946,0,0
228,1.0982926159924282,1.895079432302114,0,0
229,1.1927396899798073,1.5346574154202006,0,0
230,1.3444929852215555,0.781756433064308,0,0
231,1.4789389364260088,0.15418170993015723,0,0
232,1.4287973381562797,-0.38275552474855057,0,0
233,1.2835296865903558,-1.091957365912401,0,0
234,1.1623871092455893,-1.8521712862912254,0,0
235,0.8364709257019254,-1.9433408468462867,0,0
236,0.6366034880007071,-2.61705690427086,0,0
237,0.25752884775647245,-2.5327675132295013,0,0
238,-0.3581866249479271,-2.353121857207922,0,0
239,-0.5782996268570135,-2.373079657288927,0,0
240,-0.8939797836394197,-2.114700256134528,0,0
241,-1.0645263198863186,-1.59438474980767,0,0
242,-1.404254621553653,-1.029885359907233,0,0
243,-1.494051361684753,-0.5416117535316011,0,0
244,-1.4109807847538576,0.4421353122486105,0,0
245,-1.339587101387098,0.916732471819329,0,0
246,-1.2138280503510366,1.501723304524917,0,0
247,-1.1231135196891042,1.7945582530452744,0,0
248,-0.6084574285617464,2.2337933829894823,0,0
249,-0.38653207957095836,2.1716726418675507,0,0
250,-0.028211052571188243,2.568942522675759,0,0
251,0.4075610215469131,2.3171203734992583,0,0
252,0.8317871207079084,2.089438473581018,0,0
253,1.044933675483692,1.8353999888166932,0,0
254,1.2636668879582347,1.3034994461768759,0,0
255,1.488949751685618,0.6563552754209495,0,0
256,1.669492802799077,0.2130748972699523,0,0
257,1.4029606928636253,-0.5379618063974545,0,0
258,1.3656272720896925,-0.9007041884435272,0,0
259,1.3462272666470445,-1.679359457561532,0,0
260,0.9119477595956145,-2.164198394821217,0,0
261,0.4108242499780342,-2.3449826812560595,0,0
262,0.28380875273631034,-2.3477253553598336,0,0
263,-0.22141897013196055,-2.546492941104991,0,0
264,-0.6474606819464365,-2.3770432909384875,0,0
265,-0.8340152908240561,-2.34667365941526,0,0
266,-1.1781525394956112,-1.557599839638286,0,0
267,-1.387412322818819,-0.9631742736308933,0,0
268,-1.5136789081039574,-0.45571108055759707,0,0
269,-1.4353057625174213,0.12191259484185676,0,0
270,-1.4246953816971408,0.7003208963015561,0,0
271,-1.1526766786264453,1.3091655980741665,0,0
272,-0.9990998225924934,1.6358565468509045,0,0
273,-0.7586779233152301,2.2210224295306547,0,0
274,-0.2948598750206735,2.244827811854902,0,0
275,0.0824156989925218,2.3818331734876756,0,0
276,0.21306655270420766,2.611727010318016,0,0
277,0.7795708360077218,2.4408507031202493,0,0
278,1.0054320936338306,1.7403741954071297,0,0
279,1.3025227440983858,1.2804528381954379,0,0
280,1.4616848260579363,0.9908245257217709,0,0
281,1.7002152386948524,0.3373622467551064,0,0
282,1.6248623348477702,-0.583384434559753,0,0
283,1.4132958350670213,-0.9281791173323042,0,0
284,1.1115417201575994,-1.4569895541244104,0,0
285,0.8206710165954447,-2.0630612607109127,0,0
286,0.5389195642011729,-2.2214771387053216,0,0
287,0.22602841299467574,-2.2359048228014347,0,0
288,-0.20800821266425057,-2.5616780679059725,0,0
289,-0.6163914806768542,-2.2033303586929174,0,0
290,-0.7647292641720236,-1.9700125796296502,0,0
291,-1.2377215290108168,-1.8070243356698636,0,0
292,-1.3003873913366026,-1.06518873794406,0,0
293,-1.5633888738031345,-0.5610154122465538,0,0
294,-1.4838123067807785,0.3259933936434214,0,0
295,-1.4922645875626368,0.6919189181748806,0,0
296,-1.2576712540330282,1.32017413632874,0,0
297,-1.0986832840616325,1.8138402869533476,0,0
298,-0.8637141098231783,2.136726699790172,0,0
299,-0.3593591261857562,2.1467464119882536,0,0
300,-0.04113692102064512,2.611532235593734,0,0
301,0.36908720801436257,2.439440527316529,0,0
302,0.9606348004497324,2.3502163655227912,0,0
303,1.276885922712848,1.7637981741705622,0,0
304,1.3867447879792016,1.3988325909189654,0,0
305,1.5025519917643586,0.85609188830025,0,0
306,1.6353793331115836,0.006386813836136256,0,0
307,1.448220103957261,-0.5748447974854756,0,0
308,1.3946468653593465,-0.952057662753048,0,0
309,1.0749329083836465,-1.476411032658436,0,0
310,0.924947932934441,-1.9033441544749312,0,0
311,0.5586761926725714,-2.6000791477925747,0,0
312,0.21678401397508462,-2.765449977372958,0,0
313,-0.08789504351693089,-2.5567406377760453,0,0
314,-0.4268024898809244,-1.9732285717739697,0,0
315,-0.9051534583068961,-2.000561771981106,0,0
316,-1.146503416974787,-1.6724044232032844,0,0
317,-1.241160895987111,-0.8325050363664087,0,0
318,-1.4815225643528256,-0.4484169427287449,0,0
319,-1.4217852758508032,-0.020879894547111144,0,0
320,-1.360009390880762,0.7265850042470599,0,0
321,-1.2598431539600004,1.1037809415090416,0,0
322,-1.1261640160885413,1.9167743302007776,0,0
323,-0.7047516627584385,2.4134197723799513,0,0
324,-0.28328522123827354,2.50303658531966,0,0
325,-0.03486319277038512,2.529687974255064,0,0
326,0.2877843774003568,2.495733081139221,0,0
327,0.7412676080186255,2.0491499086936225,0,0
328,1.0531226199728838,1.8846000526522275,0,0
329,1.256586134649528,1.3090376725928796,0,0
330,1.387161384831575,0.9026276756828223,0,0
331,1.453173392707912,0.12359241962704909,0,0
332,1.403737336250424,-0.5531137472374643,0,0
333,1.3871218101697511,-1.1483992067895918,0,0
334,1.0540767749938813,-1.2653581686486526,0,0
335,0.7533091494548874,-2.1621425659562354,0,0
336,0.564081723754118,-2.2074095181523052,0,0
337,0.3479363550086271,-2.5510595512547236,0,0
338,0.01610017039353659,-2.543455118471532,0,0
339,-0.7001516326328928,-2.43274337538337,0,0
340,-0.841191909514375,-1.8479135966335056,0,0
341,-1.1150318756562574,-1.701300221158439,0,0
342,-1.2849597388682361,-1.0788427718122244,0,0
343,-1.3794014160232762,-0.467136199283396,0,0
344,-1.5135498849250064,0.09202425382402252,0,0
345,-1.4455050274762522,0.7413460787253501,0,0
346,-1.265739102797391,1.620024418788524,0,0
347,-0.9907990302216367,1.76204699369316,0,0
348,-0.8694030775708034,1.8946441782307144,0,0
349,-0.4153711801203609,2.306260299992409,0,0
350,-0.08724268666353349,2.689875414235531,0,0
351,0.37144664767475855,2.490520205179889,0,0
352,0.7474608873486677,2.1041814983972635,0,0
353,0.9993334401845106,1.6899205361587266,0,0
354,1.331027543770895,1.5229614312488124,0,0
355,1.408089976977677,0.751553339338924,0,0
356,1.6088300749374582,0.2519507871746943,0,0
357,1.4434765228172641,-0.49453100294595015,0,0
358,1.3816310506227905,-1.0704759333620144,0,0
359,1.1066988001280909,-1.61648179835824,0,0
360,0.880243672091268,-1.8621636390988052,0,0
361,0.6266574527273057,-2.2388458202842667,0,0
362,0.17828010842041958,-2.4168083562807867,0,0
363,-0.2008121309230238,-2.428268506312617,0,0
364,-0.4929047222416033,-2.3065715956641935,0,0
365,-0.7997916853975544,-2.0302459317299126,0,0
366,-1.1861511089577337,-1.6329108175705125,0,0
367,-1.3170072834339204,-0.981816049729288,0,0
368,-1.6332794755919229,-0.6053118476591955,0,0
369,-1.477309340934911,0.11355701586237485,0,0
370,-1.5219141233547928,0.9423376351185552,0,0
371,-1.1968093797557635,1.3023096249253814,0,0
372,-1.1716766231627034,1.8124112052297638,0,0
373,-0.7208143606072599,2.2526018624971313,0,0
374,-0.4640616961981662,2.593123704318847,0,0
375,0.014110271779200632,2.383904279894219,0,0
376,0.3301150383067277,2.289422826821031,0,0
377,0.9285143585107041,2.216048583472208,0,0
378,1.0361922073442853,1.7376402050660278,0,0
379,1.1865984266414435,1.33681542906649,0,0
380,1.4718138017854847,0.5349962745042903,0,0
381,1.417430019873285,0.028984246416113284,0,0
382,1.3596985889140083,-0.4415697805882813,0,0
383,1.3819367665961397,-1.130285504243302,0,0
384,1.006998293453366,-1.659114346939573,0,0
385,0.8942131372165144,-1.9541608862405055,0,0
386,0.5387697790631086,-2.309599723999552,0,0
387,0.27636778728647865,-2.7684520562144637,0,0
388,-0.22125544930070423,-2.3902878609504494,0,0
389,-0.49676528647003704,-2.4850042846731064,0,0
390,-0.8932915125513093,-1.8529201374788187,0,0
391,-1.162224037416633,-1.532974189623725,0,0
392,-1.3824223415882653,-1.0964626557039467,0,0
393,-1.4836780795392142,-0.2991249981100004,0,0
394,-1.4900818607698556,0.41647012137166145,0,0
395,-1.41235586504426,0.8559025108570238,0,0
396,-1.4201422824483285,1.2128520246427523,0,0
397,-0.9680367030294967,1.846995952189074,0,0
398,-0.7401043532710365,2.217125846364437,0,0
399,-0.4618656878030579,2.227409314516897,0,0
400,-0.014834796769574232,2.3611706659959752,0,0
401,0.3089343715513271,2.47776360504271,0,0
402,0.7244003233424761,2.475805609264548,0,0
403,1.014036423762316,2.0339953970516365,0,0
404,1.186266918255014,1.4500884647230845,0,0
405,1.443522680375538,0.7052324928551883,0,0
406,1.4319656302649284,0.10989200604659269,0,0
407,1.504812019005864,-0.5225015822374758,0,0
408,1.1843462173002517,-0.8668657502362023,0,0
409,1.1679315341458256,-1.8041482762665892,0,0
410,0.8382647943676578,-1.755562538479722,0,0
411,0.5222404814361972,-2.3259468693272956,0,0
412,0.2995919327564682,-2.516672577059977,0,0
413,-0.21483611427286028,-2.409979721457059,0,0
414,-0.5254545119804666,-2.2329957703772103,0,0
415,-0.8043317136785657,-1.9965307755058435,0,0
416,-1.0415791322029002,-1.575199418088218,0,0
417,-1.433476662112576,-1.0007545573352559,0,0
418,-1.388799769703085,-0.2758838450918227,0,0
419,-1.5665837375949894,0.3677563332077506,0,0
420,-1.516042628169913,0.6254268745301441,0,0
421,-1.1633774319375239,1.3158760146608726,0,0
422,-1.079563430222986,1.8267076442218035,0,0
423,-0.7043149808428677,2.1490279587720944,0,0
424,-0.2956088874388496,2.3736922321236893,0,0
425,0.1212704926642324,2.621599656066984,0,0
426,0.3689225629528319,2.460042310502662,0,0
427,0.7040296600321729,2.247861300178535,0,0
428,0.9970662876532961,1.777458620373889,0,0
429,1.263975861202632,1.2336101235372097,0,0
430,1.5040536278864396,0.9239973192309463,0,0
431,1.3478034246470365,-0.03616555023582539,0,0
432,1.4525783473097715,-0.38306607606804516,0,0
433,1.4146677356571693,-1.0199252620550727,0,0
434,1.21158108176388,-1.608368636886964,0,0
435,0.7524383791413054,-2.03836756482812,0,0
436,0.629466261000496,-2.368731248755927,0,0
437,0.19247845814842665,-2.2774574435319344,0,0
438,-0.25806603816318746,-2.419309907664121,0,0
439,-0.631869914293665,-2.4646898694374215,0,0
440,-0.9288863179859221,-2.181518944432306,0,0
441,-1.1784411960283192,-1.6239602637520114,0,0
442,-1.2792676615825924,-1.1352783886271312,0,0
443,-1.5432536000509813,-0.389610413993095,0,0
444,-1.5928622736904257,0.14082963765619272,0,0
445,-1.4974087763881525,0.8763990610647183,0,0
446,-1.2904024449750517,1.2203497722548786,0,0
447,-1.18314097515965,1.8799474567333982,0,0
448,-0.6273571453006179,2.398371125491967,0,0
449,-0.370718999273718,2.3259528718455202,0,0
450,0.048988188910762565,2.5159639763158785,0,0
451,0.41491084841859616,2.3178100824016017,0,0
452,0.7328603263970896,2.1282073986829024,0,0
453,1.0015202780577843,1.9083748124351883,0,0
454,1.1662045094366413,1.5313861115626468,0,0
455,1.3957229530155513,0.6428872948062876,0,0
456,1.4889568780951703,0.014355428680050807,0,0
457,1.5126496783293568,-0.39519504130592,0,0
458,1.4289518270976411,-1.1544959779456627,0,0
459,1.2460189086113254,-1.554347793493724,0,0
460,0.8084605143021295,-1.9511904019627275,0,0
461,0.5465503862455868,-2.2105053112474486,0,0
462,0.21446034405968073,-2.5180742332382966,0,0
463,-0.18432204073036315,-2.741777034030028,0,0
464,-0.4557355189944003,-2.3717339490381253,0,0
465,-0.9017197760451411,-2.144771382392868,0,0
466,-1.0564520125064645,-1.6563654656420848,0,0
467,-1.3773099728320775,-0.925231670232344,0,0
468,-1.508636342794635,-0.5522313147390617,0,0
469,-1.6039718137508823,0.1126712764765917,0,0
470,-1.3661728664817054,0.9770317203558561,0,0
471,-1.1648842027637345,1.7057745991265558,0,0
472,-0.9649037202829986,1.9505420116363426,0,0
473,-0.7420322304379295,2.294062681045554,0,0
474,-0.31622236641554025,2.270867586612066,0,0
475,-0.05283417773242338,2.637991387309633,0,0
476,0.46388371880115575,2.4728090176949746,0,0
477,0.5844629480999775,2.0453547155660523,0,0
478,0.9992022415834825,1.7335308099724946,0,0
479,1.1503924459972754,1.2423559381239357,0,0
480,1.3927093541439084,0.6848573425298408,0,0
481,1.4117244127432271,0.22157459263415757,0,0
482,1.4632401196722422,-0.5202532231211339,0,0
483,1.404819010733208,-1.1346463281942183,0,0
484,1.1547530203113965,-1.5505953452939771,0,0
485,0.9098701404883035,-1.8041022251393388,0,0
486,0.534443152562534,-2.256953730093751,0,0
487,0.2614354505499253,-2.5421864250848154,0,0
488,-0.10596873549833345,-2.4224096408990783,0,0
489,-0.6559584907445905,-2.294769177303828,0,0
490,-0.8059178372237922,-2.0965253893449187,0,0
491,-1.0903201296963017,-1.5116636583298473,0,0
492,-1.2794196535628553,-1.0526342290198107,0,0
493,-1.4507397984703698,-0.32052671481386263,0,0
494,-1.5943989037394788,0.1292752428755755,0,0
495,-1.3629949955833602,0.6754463657828305,0,0
496,-1.2866576182056457,1.3466093554776437,0,0
497,-1.004171934492584,1.8677306529035604,0,0
498,-0.8930234235488821,2.2445614368026185,0,0
499,-0.3162144566733266,2.429158863604825,0,0
500,0.06570383890593703,2.14766837468658,0,0
501,0.5347513302483946,2.524855098116165,0,0
502,0.819283202874752,2.2985315767883536,0,0
503,1.0161305191910999,1.7569190469862561,0,0
504,1.3914347409624117,1.4090427964752457,0,0
505,1.3230762022102502,0.7350780045200485,0,0
506,1.7863855681541305,0.049840980024026156,0,0
507,1.7040989181004649,-0.38500477493480056,0,0
508,1.4195520459761362,-0.9467288205752201,0,0
509,1.0898997515980438,-1.674430238318676,0,0
510,0.8921675438707746,-1.7353067885626914,0,0
511,0.6056272495551235,-2.164910221471955,0,0
512,0.21497163110274287,-2.539048398863408,0,0
513,-0.13454375025725257,-2.570187519196967,0,0
514,-0.4720279029706312,-2.344199774511634,0,0
515,-0.9188159250519665,-2.0910776540169524,0,0
516,-1.1457976931309615,-1.6804362096647072,0,0
517,-1.3634579680743881,-1.127958211772848,0,0
518,-1.45736444753302,-0.3628148991471798,0,0
519,-1.4450878883575184,0.11145300416090943,0,0
520,-1.569698633177978,0.7855614681631553,0,0
521,-1.2577518895486295,1.1979758401745646,0,0
522,-0.8951825964672744,1.9468196164436273,0,0
523,-0.7522979337669947,2.378742283276816,0,0
524,-0.44297859000439443,2.376734047274124,0,0
525,-0.050517341609939065,2.5549063842117725,0,0
526,0.4266247343466809,2.543480001969129,0,0
527,0.58838021722186,2.2593362826731083,0,0
528,1.0436433728646544,1.8574057882353159,0,0
529,1.025745234604666,1.3971349752461326,0,0
530,1.5408536368111991,0.5455925397879318,0,0
531,1.4918189182062656,0.24934517350957308,0,0
532,1.57585014103248,-0.4266918687070628,0,0
533,1.3153384285202605,-1.2065264680010555,0,0
534,1.176424374859269,-1.5514511235983688,0,0
535,1.0617467517877863,-2.2638203948241697,0,0
536,0.47635919495535595,-2.2068843622916514,0,0
537,0.25868786628427853,-2.490092011140989,0,0
538,-0.3546131621239921,-2.5663543654934213,0,0
539,-0.7461193982019892,-2.41482368816277,0,0
540,-0.8300087762768574,-1.9207519092452021,0,0
541,-1.1526742710984887,-1.4418025347315202,0,0
542,-1.3945700800333058,-1.2659420213338477,0,0
543,-1.4741694226533952,-0.42062096626251777,0,0
544,-1.5358646169213594,0.26271548262569533,0,0
545,-1.4039215125521092,0.8129815567384446,0,0
546,-1.2084838134371951,1.361765831856425,0,0
547,-0.9527049952565496,1.8252622913811773,0,0
548,-0.7213104956333252,2.3294259320127075,0,0
549,-0.31154936919580456,2.5147469381909326,0,0
550,0.05158197718462315,2.6061650336300883,0,0
551,0.4025216951659555,2.3318082617689386,0,0
552,0.6843157716409888,2.2691661540536834,0,0
553,0.820417834192209,1.716845484953864,0,0
554,1.2520867070850836,1.3552528500038914,0,0
555,1.409029607640305,0.7750063692639189,0,0
556,1.3769340470277933,0.1983869473113795,0,0
557,1.532757837319421,-0.2943442605091663,0,0
558,1.3582055950128853,-1.1101733030052752,0,0
559,1.05463147283229,-1.3091714763366311,0,0
560,0.9466323164003517,-2.0739048399998876,0,0
561,0.6115339525570185,-2.4324031065594913,0,0
562,0.2762712888732326,-2.4041485394801656,0,0
563,-0.27540723035923076,-2.3225420966583936,0,0
564,-0.5118183717141991,-2.168750692271033,0,0
565,-0.9448924198168847,-2.0981071787949483,0,0
566,-1.3713925301536123,-1.567400437562957,0,0
567,-1.3968785014074785,-1.0558397762800962,0,0
568,-1.4975125503962976,-0.3533754285097206,0,0
569,-1.3333693993298201,0.26555758154089887,0,0
570,-1.4019320902372636,0.7866033373749436,0,0
571,-1.1578917816873247,1.4062377705332365,0,0
572,-1.0596172020838135,1.8556390839803074,0,0
573,-0.6542699247677743,2.2546034874715795,0,0
574,-0.4575469520215627,2.343266227754962,0,0
575,0.08360504194739031,2.648841451078235,0,0
576,0.28104227337339666,2.505227471613096,0,0
577,0.8242759532675529,2.123653603693408,0,0
578,1.0201563338617383,1.713034145376964,0,0
579,1.2143707039727318,1.166812646694631,0,0
580,1.3504993713904254,0.4451324104885062,0,0
581,1.5623812936712929,0.23024696471949893,0,0
582,1.4044699340179259,-0.5637646313872986,0,0
583,1.3788129128060038,-0.984476907985324,0,0
584,1.115810436204972,-1.3240568136025677,0,0
585,0.894101012392863,-1.8868557344892698,0,0
586,0.5534372570337425,-2.5218910677080135,0,0
587,0.1406424314795017,-2.4908347559898942,0,0
588,-0.26330103584738473,-2.49363471315407,0,0
589,-0.6505942188915093,-2.4333540455985925,0,0
590,-0.848165909928984,-1.9339766946707964,0,0
591,-1.1446299652121619,-1.6156905539525628,0,0
592,-1.219517466675737,-1.2779163342537816,0,0
593,-1.4629558077063907,-0.40675728636550973,0,0
594,-1.6294296314436059,-0.12638432065106314,0,0
595,-1.3180144704756467,0.8924528814581401,0,0
596,-1.352125290333642,1.4642410790581333,0,0
597,-0.9708404973653169,1.837887667641119,0,0
598,-0.7578075964336476,2.1034280986202565,0,0
599,-0.31401122085398947,2.4577480559085956,0,0
600,-0.013651562611837535,2.3911600988064423,0,0
601,0.2977812769175391,2.6021602020839656,0,0
602,0.6523613528221852,2.252640484188712,0,0
603,0.9560003638602356,1.7167757603612595,0,0
604,1.2119277944389484,1.3067153582226487,0,0
605,1.5814962347392358,1.1722278551840373,0,0
606,1.5072446896553782,0.15684394353111342,0,0
607,1.4885669158802879,-0.5157404680549759,0,0
608,1.4525471965349401,-0.9380718768795229,0,0
609,1.2174451871303789,-1.6727387306696562,1,3
610,1.116637184678539,-2.0957432565085337,1,3
611,1.2497683510048558,-2.2272981238824543,1,3
612,1.1165387734186814,-2.576350017591957,1,3
613,-1.0654233990964108,-2.6424152176865063,1,3
614,-1.1698095082629467,-2.2322448812790165,1,3
615,-1.1450006382916826,-1.928427682246844,1,3
616,-1.1832300833803837,-1.8818328420151766,1,3
617,-1.1315298838983847,-1.1656073580872903,1,3
618,-1.196849159069439,-0.49807004214769107,1,3
619,-1.4546758241882483,0.19746470515721015,0,0
620,-1.572425295614894,0.9065510914137903,0,0
621,-1.2466970464792342,1.350373267452003,0,0
622,-0.9114141344302753,1.8378840357915514,0,0
623,-0.5428500311100208,2.0579880333035088,0,0
624,-0.25631920292351473,2.317119904727399,0,0
625,-0.015201211704330819,2.612297759062801,0,0
626,0.364866861124444,2.2838969095436052,0,0
627,0.8077706362126986,2.2700005518327955,0,0
628,1.102555174564827,1.7080127579705113,0,0
629,1.1979853361401465,1.1773830180275928,0,0
630,1.2593903544610892,0.7185160168057152,0,0
631,1.4623353191192463,0.28940823842472313,0,0
632,1.5955464487770796,-0.7384022927728533,0,0
633,1.3515480961703772,-1.0302472910086693,0,0
634,1.0511799105145796,-1.5663234174556222,0,0
635,0.8231780057352391,-1.8880498711682199,0,0
636,0.6045841367994433,-2.315769954226061,0,0
637,0.22346836019506844,-2.421955253738444,0,0
638,-0.20843373600427356,-2.671385127628423,0,0
639,-0.5383273723635167,-2.4401460137328437,0,0
640,-0.9071016433456704,-2.105434108595065,0,0
641,-1.1664432872288526,-1.8778187310881453,0,0
642,-1.465919023288396,-0.9185984753504693,0,0
643,-1.5726346136201461,-0.5590699211686632,0,0
644,-1.5503577743373285,0.24961886357143123,0,0
645,-1.4720485827009622,0.64729080915478,0,0
646,-1.3469100586814582,1.248108857215236,0,0
647,-0.9859116066638187,1.896960862982591,0,0
648,-0.6821925777568056,2.2578097556138355,0,0
649,-0.28312303535853167,2.2490547008047095,0,0
650,-0.005763025477877992,2.517385843819309,0,0
651,0.3210307419140258,2.4133937658823577,0,0
652,0.6516073072083117,2.178857587316813,0,0
653,0.8566741617245948,1.8646657648026648,0,0
654,1.2825111458152891,1.5371652488029746,0,0
655,1.3317054473913275,0.6856250317469483,0,0
656,1.5693173575098123,0.3553624159575414,0,0
657,1.512306639729722,-0.41839852210440676,0,0
658,1.401492538172666,-1.144675052357516,0,0
659,1.240608453482692,-1.6801377490594982,0,0
660,0.8734973312461112,-2.092886970946391,0,0
661,0.5478243702405661,-2.3831270519795886,0,0
662,0.1248111509108909,-2.5981591028647886,0,0
663,-0.24447077066840453,-2.5251183971554654,0,0
664,-0.5883792276191548,-2.25177131809554,0,0
665,-0.8423367899711204,-2.008516451847636,0,0
666,-1.1756136401910315,-1.3937083855941268,0,0
667,-1.3307651899394204,-1.0264100189632959,0,0
668,-1.4566440671612362,-0.35235719485261413,0,0
669,-1.524955016900016,-0.0792817313034784,0,0
670,-1.2280283502464941,0.8964405433071536,0,0
671,-1.2564951201009489,1.408018214651361,0,0
672,-0.9660633188380959,1.9958515762305962,0,0
673,-0.8776145404364215,2.2994737581972298,0,0
674,-0.3976654367016591,2.4891878184595457,0,0
675,0.02140867459099184,2.5713319080787747,0,0
676,0.44148945014789864,2.387990067729428,0,0
677,0.6562258713602271,2.2398201195466547,0,0
678,1.0765376500255324,1.7333428136912443,0,0
679,1.150386082424923,1.1831816724712871,0,0
680,1.3848941925267693,0.9962170116876092,0,0
681,1.4813351841241411,0.10879787694526241,0,0
682,1.6114211962317595,-0.5108754364641005,0,0
683,1.356337896104861,-1.1226203269038957,0,0
684,1.2715885812812935,-1.70035973380117,0,0
685,0.7177913431943606,-2.000242161030723,0,0
686,0.48429280596855784,-2.2947772587555324,0,0
687,0.4241004782763233,-2.3874384825229065,1,5
688,-0.5392148758198694,-2.449123005039307,1,5
689,-1.4125609257451124,-2.5658823803578907,1,5
690,-1.3788273976978316,-1.9234234987393348,1,5
691,-0.8873614392263877,-1.7857705772028605,1,5
692,0.3905045660730654,-0.8907339421750635,1,5
693,1.2361385755893401,-0.3204962955948416,1,5
694,1.4881960317539635,0.002242499445717725,1,5
695,0.8884481677271221,1.039485686136792,1,5
696,-0.25615751685195837,1.3187268570708721,1,5
697,-1.02183733621819,1.7328006211388103,0,0
698,-0.7292301665652012,2.1352849726642913,0,0
699,-0.22645257407955843,2.500526002443145,0,0
700,0.04259575362377752,2.4536889056027853,0,0
701,0.3654119826686525,2.1806968696742235,0,0
702,0.7278243332901869,2.0670778067503996,0,0
703,0.9397005128884157,1.6856914332474549,0,0
704,1.2910188499925768,1.3376577853457583,0,0
705,1.469134780985062,0.4884875637061955,0,0
706,1.564659512021465,0.47832186266900656,0,0
707,1.6142165913908681,-0.47540315232590863,0,0
708,-0.4182797630173456,-1.153090740720613,1,5
709,0.5766574368240289,-1.686671121038001,1,5
710,1.3283490305838233,-2.1675988096369228,1,5
711,1.3820697679307898,-2.287638453590674,1,5
712,0.521406543948141,-2.6065261737337053,1,5
713,-0.575005740981999,-2.490794138630244,1,5
714,-1.4129429713771242,-2.2448896495288224,1,5
715,-1.4229222612585803,-2.037582039487898,1,5
716,-0.7779794145331618,-1.630651194262367,1,5
717,0.36500094656809356,-1.0326554742803247,1,5
718,-1.6903489064954176,-0.2641148350981124,0,0
719,-1.5089344416507102,0.06676746029569856,0,0
720,-1.5414549111749167,0.9002831354517438,0,0
721,-1.3098378582774024,1.3636913631847911,0,0
722,-1.1697635741564987,1.7627598311432078,0,0
723,-0.8733012074097373,2.156807974900838,0,0
724,-0.3551176320200362,2.390518083850181,0,0
725,-0.03813396638641911,2.3584698410392884,0,0
726,0.36941520296260594,2.3200801165040312,0,0
727,0.7200034823884012,2.1776746928609962,0,0
728,0.9722726409644236,1.817930523185828,0,0
729,1.3803690434975042,1.25788294716478,0,0
730,1.453661680668637,0.6706102522851971,0,0
731,1.6903134185697457,0.5635888991108788,0,0
732,1.5924799692784963,-0.5087418801793702,0,0
733,1.4088163999106347,-1.2639334000417253,0,0
734,1.1544039381308364,-1.711952382643345,0,0
735,0.8374592233447623,-2.0808119487144046,0,0
736,0.4974243580101562,-2.473979961146066,0,0
737,0.19807856120471087,-2.5651380295561363,0,0
738,-0.11513333310275195,-2.5088061028591193,0,0
739,-0.6315652872311692,-2.5086619044223264,0,0
740,-0.88382329291002,-2.1239977354054513,0,0
741,-1.2496906777217966,-1.6052066652394763,0,0
742,-1.3492457570265928,-1.0503851961212192,0,0
743,-1.4327615761040149,-0.45694340538609957,0,0
744,-1.4226986788322078,-0.016363032753601327,0,0
745,-1.4050438004778703,0.8760788482444958,0,0
746,-1.314189624651107,1.340745790004366,0,0
747,-1.0552083690849738,1.870442114173688,0,0
748,-0.7214062960270115,2.288656953962353,0,0
749,-0.3887539271814606,2.4178731695141082,0,0
750,0.024108320347088055,2.5718526164079574,0,0
751,0.39054878343854754,2.3938514672434335,0,0
752,0.7987519328086183,2.3761640646264532,0,0
753,0.9244199157563252,1.8897305020085107,0,0
754,1.2872317173098407,1.097396408971048,0,0
755,1.354943583156027,0.6757619081794941,0,0
756,1.4775016460825832,0.28027231943662195,0,0
757,1.3738690523881831,-0.32626106370390706,0,0
758,1.360038652888131,-1.230508724977447,0,0
759,1.0468218136203404,-1.4771348808173257,0,0
760,0.81960774812619,-1.9706301482338402,0,0
761,0.7241013524628337,-2.0037015446984325,0,0
762,0.23509142622989204,-2.3164003884647095,0,0
763,-0.1165469570832622,-2.505823692028767,0,0
764,-0.6144089094227911,-2.390414094760857,0,0
765,-0.7946429006232871,-2.0295732889295417,0,0
766,-1.1791342470756159,-1.616968319934522,0,0
767,-1.3976949054105308,-1.0125284957684801,0,0
768,-1.4328984194405172,-0.49099370202527864,0,0
769,-1.4864879634073556,0.0022566348507004064,0,0
770,-1.3337150934575093,0.8237234941855348,0,0
771,-1.3629099277840462,1.4609438716900127,0,0
772,-1.0853532223565507,1.8294082385664736,0,0
773,-0.7575934206314443,2.1739634973714326,0,0
774,-1.2054354461172863,2.3222693679177615,1,3
775,-0.027541017229509603,2.656064132888929,1,3
776,1.241279228343977,2.2783768666180495,1,3
777,1.153357869541591,2.0754105009605084,1,3
778,1.2487534192622203,1.6277498153560925,1,3
779,1.0978547837312302,1.1953312633574031,1,3
780,1.1184614347264192,0.8347810374461908,1,3
781,1.2642643603874955,-0.135307874517024,1,3
782,1.203773219453856,-0.5651527831306564,1,3
783,1.2137784409006356,-0.9793586749583222,1,3
784,1.0607076646017117,-1.6836884550244262,0,0
785,0.8885457217603965,-1.9446397766834644,0,0
786,0.539485352704711,-2.490481823857658,0,0
787,0.12157250828177439,-2.250826070586943,0,0
788,-0.3114204476931402,-2.4057281077071373,0,0
789,-0.5394520150920785,-2.1848224987203557,0,0
790,-0.8920172806635449,-1.903433974565166,0,0
791,-1.1611319229945996,-1.6617846747250355,0,0
792,-1.3862070716107284,-0.9963134199727581,0,0
793,-1.3725596056972227,-0.5843947868752699,0,0
794,-1.5781344854835466,0.2265873241688821,0,0
795,-1.4313156841956043,0.44072480681069165,0,0
796,-1.3042589247036176,1.3084060344934048,0,0
797,-1.1806385911217245,1.5057072059676793,0,0
798,-0.7160861625961268,2.2165219071703053,0,0
799,-0.4727432520819887,2.4891599174049386,0,0
800,0.056728266594587386,2.565249746322915,0,0
801,0.4348565208601368,2.4919515702508117,0,0
802,0.7511060028026197,2.1834929682443436,0,0
803,1.0661374327895645,1.9571470169677094,0,0
804,1.2325383911192536,1.4244592454059737,0,0
805,1.4781542334490791,0.8341127674407529,0,0
806,1.5657961140070027,0.143969843126371,0,0
807,1.5574095837189281,-0.45904048948795395,0,0
808,1.4520064414238139,-1.1125302267657862,0,0
809,1.046561944348963,-1.8016237784919804,0,0
810,0.9057743988576071,-1.9737194533422222,0,0
811,0.3694098265709401,-2.150375454971819,0,0
812,0.26100287866620614,-2.4592349390413113,0,0
813,-0.23618593485272077,-2.5293578502711394,0,0
814,-0.5302243867591343,-2.3622286295985035,0,0
815,-0.9164764730899198,-2.089831410148075,0,0
816,-1.1267648411484377,-1.6442411587790766,0,0
817,-1.3068033455090353,-0.7758960525045683,0,0
818,-1.5552540725691575,-0.6136385302438434,0,0
819,-1.5365653491573066,0.20263002525334003,0,0
820,-1.4494149878874238,0.7240866709720286,0,0
821,-1.2086805057497891,1.2994325230409767,0,0
822,-1.0445019816331347,1.8408635446630404,0,0
823,-0.7359642305406086,2.2308068799164977,0,0
824,-0.20138718389726765,2.728216651143161,0,0
825,-0.18967106331635292,2.6852068741337365,0,0
826,0.41561634730451913,2.595364946445195,0,0
827,0.7281469524696464,2.2665876076959552,0,0
828,1.082944972897326,1.6565405061913985,0,0
829,1.3350911364863862,1.301178948240202,0,0
830,1.5205021416397808,0.6545802873900387,0,0
831,1.430685447549509,0.05849252495213059,0,0
832,1.5616015871490074,-0.5986322882825739,0,0
833,1.3932177943333135,-1.1871907934020665,0,0
834,1.1115223066087243,-1.4871952630701688,0,0
835,0.9463405473260514,-2.027248089888051,0,0
836,0.4417375445585879,-2.3380634927186508,0,0
837,0.23692311522378395,-2.446500487093573,0,0
838,-0.19937659774239058,-2.4513224709286483,0,0
839,-0.45144406279293275,-2.515552607101879,0,0
840,-0.9311391831234543,-1.8367416960578367,0,0
841,-1.1864497986465339,-1.7970871958479178,0,0
842,-1.3826341148782668,-0.9580086111120458,0,0
843,-1.5031772774969572,-0.27152145887810236,0,0
844,-1.606408231113906,-0.06200837316613084,0,0
845,-1.4274027688553272,0.6891104684292825,0,0
846,-1.323984861428611,1.4174189962612465,0,0
847,-0.963657722118819,1.6503300972893982,0,0
848,-0.6632395710462249,2.4729049066503004,0,0
849,-0.4718569101476494,2.467073637843348,0,0
850,0.0009864777418491346,2.340394774598304,0,0
851,0.3845270828258097,2.236526358981142,0,0
852,0.6636508838716887,2.1696976349564108,0,0
853,1.1294285503281394,1.6907455951905304,0,0
854,1.2667925479180404,1.3948299717123847,0,0
855,1.4605743397697342,1.012510305751729,0,0
856,1.466561690897558,0.27859290498986544,0,0
857,1.524739837792541,-0.4846175928252112,0,0
858,1.5735382725822027,-0.9854172193221933,0,0
859,1.1116557060281818,-1.5123073256895236,0,0
860,0.9090697839768829,-2.1527085757646236,0,0
861,0.57642004163117,-2.561870557198354,0,0
862,0.23168017019695064,-2.7617036494291396,0,0
863,-0.18863416181146012,-2.543927405519754,0,0
864,-0.6814606865625888,-2.3841123218614144,0,0
865,-0.9585931725462343,-1.9122083307153441,0,0
866,-1.1156502946325357,-1.565804043258465,0,0
867,-1.4809924683108715,-0.9516602873469262,0,0
868,-1.4232598279132245,-0.40536201190731724,0,0
869,-1.4760159198796252,0.31668964370248914,0,0
870,-1.3963809609928945,0.5327086716080096,0,0
871,-1.2218525246524936,1.4945088243283218,0,0
872,-1.0301877780539217,1.8390173544999868,0,0
873,-0.6742295279213916,2.073996232251759,0,0
874,-0.4575942669892492,2.337037728718644,0,0
875,0.016838581554976813,2.360331642603141,0,0
876,0.38096315201298203,2.3065405673813806,0,0
877,0.6475295023493173,1.985134231312897,0,0
878,1.0128570355523425,1.8848771984107877,0,0
879,1.416338252085683,1.3210745153678274,0,0
880,1.4695265308125318,0.8726691362578409,0,0
881,1.3943863775621042,0.07495524989591303,0,0
882,1.3866018726335665,-0.5597461881477267,0,0
883,1.4371775459334701,-0.932871702187915,0,0
884,1.0316451042209351,-1.5678247185965886,0,0
885,0.9924630321102845,-2.1111604540262006,0,0
886,0.4822222583669336,-2.359129804581149,0,0
887,0.19778141914045755,-2.414621645084574,0,0
888,-0.1903270026642882,-2.493116428724697,0,0
889,-0.5587631095139766,-2.508416514998162,0,0
890,-0.8353459181304954,-2.044042691033867,0,0
891,-0.9393384795092805,-1.5979165606467536,0,0
892,-1.2252539961719635,-1.2051906784540447,0,0
893,-1.3915810580283574,-0.4542612388857825,0,0
894,-1.6630496381967466,-0.0683029277065196,0,0
895,-1.42838333158512,0.782285660736593,0,0
896,-1.1736978748014484,1.1338716008951077,0,0
897,-1.0610350638535924,1.687012510977224,0,0
898,-0.5632746061890596,2.2250066637440877,0,0
899,-0.35497915940315733,2.3936308194572704,0,0
900,-0.004398293447983264,2.4160876793167683,0,0
901,0.3074848367512274,2.3683470017905464,0,0
902,0.7134215836327628,2.161820948566935,0,0
903,1.0952054010665324,1.7909165561159577,0,0
904,1.2584320796473247,1.334568827782595,0,0
905,1.3720244618473711,0.7835987603966444,0,0
906,1.6167223102384398,0.24862643403575704,0,0
907,1.5475119031435576,-0.6928560778939672,0,0
908,1.3206322524302894,-1.1720524854235972,0,0
909,1.2029969745859317,-1.6384705315465289,0,0
910,0.8476729010563708,-1.789853988546203,0,0
911,0.5978692983842369,-2.314981252856382,0,0
912,0.1240811790470663,-2.440697053712472,0,0
913,-0.19209107254511454,-2.4978969991693285,0,0
914,-0.4703772319764055,-2.4239348500782976,0,0
915,-1.0201534995302626,-2.047014543830525,0,0
916,-1.1867024007847573,-1.5540082744606831,0,0
917,-1.3884005309124086,-1.1695102253827532,0,0
918,-1.57106262028452,-0.3815725470518971,0,0
919,-1.5822475157329066,0.47877347595545794,0,0
920,-1.5614075928053364,0.7677297564003491,0,0
921,-1.316108659014784,1.2291693507746642,0,0
922,-0.8356242314849873,1.8058447368264063,0,0
923,-0.8454561829628582,2.346507616009495,0,0
924,-0.37256100611096477,2.4178059839945742,0,0
925,0.04062844884556173,2.3444055587773436,0,0
926,0.36312732786802393,2.510083798419163,0,0
927,0.6942252887683504,2.3274248444154173,0,0
928,1.1723673692431316,1.557676732526738,0,0
929,1.1883513104212018,1.408892389169767,0,0
930,1.4051652409931052,0.8192680485250055,0,0
931,1.452120895708,0.03888224917493143,0,0
932,1.4447553477395807,-0.38621499313237095,0,0
933,1.2832920178308995,-0.8531073342402442,0,0
934,1.0534341212628662,-1.5688152151981325,0,0
935,0.8199128716385596,-1.964650996707856,0,0
936,0.4260828178607428,-2.3034343158772126,0,0
937,0.11928335490865948,-2.462365068139261,0,0
938,-0.14722775542625166,-2.7431083244818577,0,0
939,-0.4378221339859063,-2.5162560382182617,0,0
940,-0.7918715773540388,-1.9547673624805308,0,0
941,-1.247457761468434,-1.5909178013962844,0,0
942,-1.5090228434505946,-1.1133660713729785,0,0
943,-1.4694024950180764,-0.32152553038521353,0,0
944,-1.5372618698241416,0.13667469090315926,0,0
945,-1.4185490842972615,0.7313329871779766,0,0
946,-1.2203554743485574,1.2558294982537002,0,0
947,-0.9589407508629291,1.9218908012639788,0,0
948,-0.598686588047652,1.9325841971408864,0,0
949,-0.4362463073172465,2.6274519265353176,0,0
950,-0.004755399101540932,2.5989571077413838,0,0
951,0.40971385088906687,2.424713896537219,0,0
952,0.775470668237973,2.205742204978393,0,0
953,0.9464404913239559,1.872463436704606,0,0
954,1.2975237868840255,1.272961830086548,0,0
955,1.4007078788899368,0.8414828394783446,0,0
956,1.5900543290083187,0.15156567587850478,0,0
957,1.4811880524292445,-0.36395058398535596,0,0
958,1.1966017076187494,-1.2021867242629807,0,0
959,1.1044961035375647,-1.3636550227949507,0,0
960,0.7931180263693891,-2.127452325896578,0,0
961,0.6407619911633097,-2.4373488746609837,0,0
962,0.10804570598427385,-2.6097887001041236,0,0
963,-0.2437282945200703,-2.435484449527057,0,0
964,-0.6186312227404892,-2.123025237808934,0,0
965,-0.9188642535744509,-2.1629014120440653,0,0
966,-1.1162157875915413,-1.5942770113922848,0,0
967,-1.3798719333155618,-0.979623540519565,0,0
968,-1.4467575469235407,-0.3765140193436853,0,0
969,-1.3974301841566317,0.017435069831789832,0,0
970,-1.4087292051713503,0.7198552464471872,0,0
971,-1.2536024763652356,1.2381681143831171,0,0
972,-0.943063040382365,1.8865905211385903,0,0
973,-0.7236571752931646,2.260717324627996,0,0
974,-0.2768165990011985,2.5761088187842915,0,0
975,-0.0847478284362663,2.4962790636614502,0,0
976,0.4299389390539968,2.501667485121945,0,0
977,0.6402351934848245,2.31093965668654,0,0
978,1.0041028552636224,1.825099924807121,0,0
979,1.3789626803808508,1.3067806950740053,0,0
980,1.4375454651027197,0.6610936401885471,0,0
981,1.6397963238568116,0.026090625766890495,0,0
982,1.4504653965152878,-0.37774612495851373,0,0
983,1.3229606782692556,-0.9542089648617124,0,0
984,0.9766238086373631,-1.6242775712485613,0,0
985,0.8170429399457427,-2.1070173132597003,0,0
986,0.5121072913792732,-2.1652791935869566,0,0
987,0.09330452893570573,-2.6855668665268935,0,0
988,-0.2647397634379244,-2.4661085320871203,0,0
989,-0.5118018781839248,-2.4206307121822626,0,0
990,-0.7529401703710809,-2.1451152631335964,0,0
991,-1.1423355713112224,-1.4471745364193598,0,0
992,-1.391438204952403,-1.1922531056818344,0,0
993,-1.448928998660562,-0.38940576536389265,0,0
994,-1.4458927263414105,0.14962638507369475,0,0
995,-1.4819339274738588,0.6522764026565576,0,0
996,-1.1670160252283028,1.4503918699884044,0,0
997,-0.9572953945932509,1.9805512858714986,0,0
998,-0.7066485925337651,2.4372068515656795,0,0
999,-0.27340984883691505,2.147144302440994,0,0
